,Tags,H_presence,G_presence,H_type,G_type,Action
0,Deaf Character,TRUE,TRUE,canonical_tag,canonical_tag,
1,Deaf Kim Namjoon | RM,TRUE,TRUE,canonical_tag,canonical_tag,
2,Mute GeorgeNotFound (Video Blogging RPF),FALSE,TRUE,,canonical_tag,addition
3,Blind Wilbur Soot,FALSE,TRUE,,canonical_tag,addition
4,Deaf Karkat Vantas,TRUE,TRUE,canonical_tag,canonical_tag,
5,Deaf Peter Hale,TRUE,TRUE,canonical_tag,canonical_tag,
6,Blind Kozume Kenma,TRUE,TRUE,canonical_tag,canonical_tag,
7,adjusting to a disability,TRUE,TRUE,synned_tag,synned_tag,
8,badly represented disabilities,TRUE,TRUE,synned_tag,synned_tag,
9,disabilities everywhere,TRUE,TRUE,synned_tag,synned_tag,
10,Disabled Anxiety | Virgil Sanders,FALSE,TRUE,,canonical_tag,addition
11,Selectively Mute Victor Grantz | Postman,TRUE,TRUE,canonical_tag,canonical_tag,
12,Mute Midoriya Izuku,TRUE,TRUE,canonical_tag,canonical_tag,
13,Blind TommyInnit (Video Blogging RPF),FALSE,TRUE,,canonical_tag,addition
14,Blind Ashton Irwin,TRUE,TRUE,canonical_tag,canonical_tag,
15,Disabled Steve Rogers,FALSE,TRUE,,canonical_tag,addition
16,Blind Todoroki Shouto,TRUE,TRUE,canonical_tag,canonical_tag,
17,Deaf Lee Jooheon (Monsta X),FALSE,TRUE,,canonical_tag,addition
18,invalidez,FALSE,TRUE,,synned_tag,addition
19,Hidden Disabiltys,FALSE,TRUE,,synned_tag,addition
20,mild disability,FALSE,TRUE,,synned_tag,addition
21,Disabled Harry Potter,TRUE,TRUE,canonical_tag,canonical_tag,
22,Deaf Sam Winchester,TRUE,TRUE,canonical_tag,canonical_tag,
23,Mute Jared Padalecki,TRUE,TRUE,canonical_tag,canonical_tag,
24,Disabled Eddie Kaspbrak,TRUE,TRUE,canonical_tag,canonical_tag,
25,prompt - disabilities,TRUE,TRUE,synned_tag,synned_tag,
26,Disabled Min Yoongi | Suga,TRUE,TRUE,canonical_tag,canonical_tag,
27,Dyslexic Harry Styles,TRUE,TRUE,canonical_tag,canonical_tag,
28,Mute Zuko (Avatar),FALSE,TRUE,,canonical_tag,addition
29,Disabled Eren Yeager,TRUE,TRUE,canonical_tag,canonical_tag,
30,Blind Xu Ming Hao | The8,FALSE,TRUE,,canonical_tag,addition
31,Mute Richie Tozier,TRUE,TRUE,canonical_tag,canonical_tag,
32,Blind Merlin (Merlin),TRUE,TRUE,canonical_tag,canonical_tag,
33,Mute Six (Little Nightmares),FALSE,TRUE,,canonical_tag,addition
34,Blind Iwaizumi Hajime,TRUE,TRUE,canonical_tag,canonical_tag,
35,Handicap,TRUE,TRUE,synned_tag,synned_tag,
36,Deaf Jason Grace,TRUE,TRUE,canonical_tag,canonical_tag,
37,Blind Eli Clark | Seer,TRUE,TRUE,canonical_tag,canonical_tag,
38,hinted disability,TRUE,TRUE,synned_tag,synned_tag,
39,Mute Severus Snape,FALSE,TRUE,,canonical_tag,addition
40,Blind Hiro Hamada,TRUE,TRUE,canonical_tag,canonical_tag,
41,Blind Marinette Dupain-Cheng,TRUE,TRUE,canonical_tag,canonical_tag,
42,Deaf Jason Todd,TRUE,TRUE,canonical_tag,canonical_tag,
43,Blind Jaskier | Dandelion,TRUE,TRUE,canonical_tag,canonical_tag,
44,disabillity,TRUE,TRUE,synned_tag,synned_tag,
45,Deaf Tony Stark,FALSE,TRUE,,canonical_tag,addition
46,Dyslexic Eren Yeager,FALSE,TRUE,,canonical_tag,addition
47,Blind Tartaglia | Childe (Genshin Impact),FALSE,TRUE,,canonical_tag,addition
48,Dyslexic Dean Winchester,TRUE,TRUE,canonical_tag,canonical_tag,
49,mental and physical disabilities,FALSE,TRUE,,synned_tag,addition
50,Mute Draco Malfoy,TRUE,TRUE,canonical_tag,canonical_tag,
51,Mute Neil Josten,TRUE,TRUE,canonical_tag,canonical_tag,
52,Deaf Sawamura Daichi,TRUE,TRUE,canonical_tag,canonical_tag,
53,Blind Lexa (The 100),TRUE,TRUE,canonical_tag,canonical_tag,
54,Deaf Victoria (Cats),FALSE,TRUE,,canonical_tag,addition
55,mentions of disability,TRUE,TRUE,synned_tag,synned_tag,
56,Blind Bilbo Baggins,TRUE,TRUE,canonical_tag,canonical_tag,
57,Other disabilities,TRUE,TRUE,synned_tag,synned_tag,
58,Disabled Levi Ackerman,FALSE,TRUE,,canonical_tag,addition
59,Blind Liam Payne,TRUE,TRUE,canonical_tag,canonical_tag,
60,Deaf Spock (Star Trek),TRUE,TRUE,canonical_tag,canonical_tag,
61,Mute Harry Styles,TRUE,TRUE,canonical_tag,canonical_tag,
62,Dyslexic Okumura Rin,TRUE,TRUE,canonical_tag,canonical_tag,
63,Blind Levi Ackerman,FALSE,TRUE,,canonical_tag,addition
64,And other disabilities,TRUE,TRUE,synned_tag,synned_tag,
65,Selectively Mute Tommyinnit (Video Blogging RPF),FALSE,TRUE,,canonical_tag,addition
66,Blind Morality | Patton Sanders,TRUE,TRUE,canonical_tag,canonical_tag,
67,Deaf Sirius Black,TRUE,TRUE,canonical_tag,canonical_tag,
68,Logic | Logan Sanders In A Wheelchair,TRUE,TRUE,canonical_tag,canonical_tag,
69,Deaf Sugawara Koushi,TRUE,TRUE,canonical_tag,canonical_tag,
70,Blind Astrid Hofferson,TRUE,TRUE,canonical_tag,canonical_tag,
71,Deaf Hartley Rathaway,TRUE,TRUE,canonical_tag,canonical_tag,
72,Deaf Midoriya Izuku,TRUE,TRUE,canonical_tag,canonical_tag,
73,disabilites,TRUE,TRUE,synned_tag,synned_tag,
74,Dyslexic Luke Patterson (Julie and The Phantoms),FALSE,TRUE,,canonical_tag,addition
75,Mute John,TRUE,TRUE,canonical_tag,canonical_tag,
76,disability discussed,TRUE,TRUE,synned_tag,synned_tag,
77,cw: disability,FALSE,TRUE,,synned_tag,addition
78,Deaf Alec Lightwood,TRUE,TRUE,canonical_tag,canonical_tag,
79,Deaf Barry Allen,TRUE,TRUE,canonical_tag,canonical_tag,
80,Deaf Roxas (Kingdom Hearts),FALSE,TRUE,,canonical_tag,addition
81,Blind America (Hetalia),TRUE,TRUE,canonical_tag,canonical_tag,
82,Mute Damian Wayne,FALSE,TRUE,,canonical_tag,addition
83,Deaf Bakugou Katsuki,TRUE,TRUE,canonical_tag,canonical_tag,
84,Blind Clarke Griffin,TRUE,TRUE,canonical_tag,canonical_tag,
85,Mute Lán Zhàn | Lán Wàngjī,TRUE,TRUE,canonical_tag,canonical_tag,
86,Mute John Egbert,TRUE,TRUE,canonical_tag,canonical_tag,
87,Deaf Morality | Patton Sanders,TRUE,TRUE,canonical_tag,canonical_tag,
88,Mute Danny Fenton,TRUE,TRUE,canonical_tag,canonical_tag,
89,Mute Shinsou Hitoshi,TRUE,TRUE,canonical_tag,canonical_tag,
90,Blind Luke Hemmings,FALSE,TRUE,,canonical_tag,addition
91,Disabled Hermione Granger,FALSE,TRUE,,canonical_tag,addition
92,Mute Upgraded Connor | RK900,TRUE,TRUE,canonical_tag,canonical_tag,
93,Mute Connor (Detroit: Become Human),TRUE,TRUE,canonical_tag,canonical_tag,
94,Thinking about disability,TRUE,TRUE,synned_tag,synned_tag,
95,Disability,TRUE,TRUE,canonical_tag,canonical_tag,
96,Disabled Essek Thelyss,TRUE,TRUE,canonical_tag,canonical_tag,
97,Disabled Anduin Wrynn,FALSE,TRUE,,canonical_tag,addition
98,Dyslexia,TRUE,TRUE,canonical_tag,canonical_tag,
99,Certain Disability,TRUE,TRUE,synned_tag,synned_tag,
100,Mute Logan Walker,TRUE,TRUE,canonical_tag,canonical_tag,
101,Mute Ranboo (Video Blogging RPF),FALSE,TRUE,,canonical_tag,addition
102,Blind Remus Lupin,TRUE,TRUE,canonical_tag,canonical_tag,
103,Blind Bellamy Blake,TRUE,TRUE,canonical_tag,canonical_tag,
104,Disabled Kakyoin Noriaki,TRUE,TRUE,canonical_tag,canonical_tag,
105,Mute Hinata Shouyou,TRUE,TRUE,canonical_tag,canonical_tag,
106,Selectively Mute Park Jimin (BTS),TRUE,TRUE,canonical_tag,canonical_tag,
107,Jeon Jungkook in a Wheelchair,TRUE,TRUE,canonical_tag,canonical_tag,
108,Blind John,TRUE,TRUE,canonical_tag,canonical_tag,
109,dissabilities,TRUE,TRUE,synned_tag,synned_tag,
110,Blind Deucalion (Teen Wolf),TRUE,TRUE,canonical_tag,canonical_tag,
111,Blind Dirk Strider,TRUE,TRUE,canonical_tag,canonical_tag,
112,disability mention,TRUE,TRUE,synned_tag,synned_tag,
113,Dyslexic Richie Tozier,TRUE,TRUE,canonical_tag,canonical_tag,
114,Deaf,TRUE,TRUE,canonical_tag,canonical_tag,
115,Deaf Racetrack Higgins,TRUE,TRUE,canonical_tag,canonical_tag,
116,Mute Chell (Portal),FALSE,TRUE,,canonical_tag,addition
117,"Mute Creativity | Roman ""Princey"" Sanders",TRUE,TRUE,canonical_tag,canonical_tag,
118,Deaf Jirou Kyouka,FALSE,TRUE,,canonical_tag,addition
119,Mute Joseph Wilson,FALSE,TRUE,,canonical_tag,addition
120,disabilities mention,TRUE,TRUE,synned_tag,synned_tag,
121,Blind Jack Kline,TRUE,TRUE,canonical_tag,canonical_tag,
122,Deaf Anxiety | Virgil Sanders,TRUE,TRUE,canonical_tag,canonical_tag,
123,Mute Kamado Nezuko,TRUE,TRUE,canonical_tag,canonical_tag,
124,Blind Takami Keigo | Hawks,FALSE,TRUE,,canonical_tag,addition
125,Deaf Katsuki Yuuri,TRUE,TRUE,canonical_tag,canonical_tag,
126,Mute Jason Voorhees,FALSE,TRUE,,canonical_tag,addition
127,Blind Eddie Kaspbrak,TRUE,TRUE,canonical_tag,canonical_tag,
128,Selectively Mute Pyro (Team Fortress 2),FALSE,TRUE,,canonical_tag,addition
129,TW : mention de handicap causé par un accident de voiture,TRUE,TRUE,synned_tag,synned_tag,
130,Blind Ben Solo,FALSE,TRUE,,canonical_tag,addition
131,Mute Lance (Voltron),TRUE,TRUE,canonical_tag,canonical_tag,
132,Mute Lee Felix (Stray Kids),TRUE,TRUE,canonical_tag,canonical_tag,
133,Deaf Isak Valtersen,TRUE,TRUE,canonical_tag,canonical_tag,
134,Mute Neopolitan (RWBY),TRUE,TRUE,canonical_tag,canonical_tag,
135,cw: depiction of disability,FALSE,TRUE,,synned_tag,addition
136,Disabled Severus Snape,FALSE,TRUE,,canonical_tag,addition
137,Blind Choi Junhong | Zelo,TRUE,TRUE,canonical_tag,canonical_tag,
138,Blind Floris | Fundy,FALSE,TRUE,,canonical_tag,addition
139,disablity fic,FALSE,TRUE,,synned_tag,addition
140,Canon Disabilities,TRUE,TRUE,synned_tag,synned_tag,
141,Deaf Harry Potter,TRUE,TRUE,canonical_tag,canonical_tag,
142,Deaf Klaus Hargreeves,FALSE,TRUE,,canonical_tag,addition
143,Mute Jeon Jungkook,TRUE,TRUE,canonical_tag,canonical_tag,
144,Disabled Park Jimin (BTS),TRUE,TRUE,canonical_tag,canonical_tag,
145,Mute Crowley (Good Omens),FALSE,TRUE,,canonical_tag,addition
146,Deaf Lán Zhàn | Lán Wàngjī,TRUE,TRUE,canonical_tag,canonical_tag,
147,Mute Edward Elric,TRUE,TRUE,canonical_tag,canonical_tag,
148,Mute Bumblebee (Transformers),FALSE,TRUE,,canonical_tag,addition
149,Blind Dave Strider,TRUE,TRUE,canonical_tag,canonical_tag,
150,Blind Jeon Jungkook,TRUE,TRUE,canonical_tag,canonical_tag,
151,Blind Mickey Milkovich,TRUE,TRUE,canonical_tag,canonical_tag,
152,Blind Y'shtola Rhul,FALSE,TRUE,,canonical_tag,addition
153,Blind Severus Snape,TRUE,TRUE,canonical_tag,canonical_tag,
154,Blind Sirius Black,TRUE,TRUE,canonical_tag,canonical_tag,
155,Blind Lán Zhàn | Lán Wàngjī,TRUE,TRUE,canonical_tag,canonical_tag,
156,Mute Lexa (The 100),TRUE,TRUE,canonical_tag,canonical_tag,
157,Canon Disabled Character,TRUE,TRUE,canonical_tag,canonical_tag,
158,Deaf Eddie Kaspbrak,TRUE,TRUE,canonical_tag,canonical_tag,
159,Discapacidad,TRUE,TRUE,synned_tag,synned_tag,
160,Deaf Harry Styles,TRUE,TRUE,canonical_tag,canonical_tag,
161,Blind Prussia (Hetalia),TRUE,TRUE,canonical_tag,canonical_tag,
162,Mute Remus Lupin,TRUE,TRUE,canonical_tag,canonical_tag,
163,Blind Katsuki Yuuri,TRUE,TRUE,canonical_tag,canonical_tag,
164,Dyslexic Reggie Peters (Julie and The Phantoms),TRUE,TRUE,canonical_tag,canonical_tag,
165,description of disability,TRUE,TRUE,synned_tag,synned_tag,
166,Disabled TommyInnit (Video Blogging RPF),FALSE,TRUE,,canonical_tag,addition
167,Blind Derek Hale,TRUE,TRUE,canonical_tag,canonical_tag,
168,Deaf Miyuki Kazuya,TRUE,TRUE,canonical_tag,canonical_tag,
169,Dyslexic Ron Weasley,TRUE,TRUE,canonical_tag,canonical_tag,
170,Blind Hawke (Dragon Age),TRUE,TRUE,canonical_tag,canonical_tag,
171,Blind Soldier: 76 | Jack Morrison,TRUE,TRUE,canonical_tag,canonical_tag,
172,Deaf Bilbo Baggins,TRUE,TRUE,canonical_tag,canonical_tag,
173,With added disabilities,TRUE,TRUE,synned_tag,synned_tag,
174,and also disabilities,TRUE,TRUE,synned_tag,synned_tag,
175,Disabled Lance (Voltron),TRUE,TRUE,canonical_tag,canonical_tag,
176,Blind Cecil Palmer,TRUE,TRUE,canonical_tag,canonical_tag,
177,Disabled Crowley (Good Omens),TRUE,TRUE,canonical_tag,canonical_tag,
178,Blind Anxiety | Virgil Sanders,TRUE,TRUE,canonical_tag,canonical_tag,
179,Blind James Potter,TRUE,TRUE,canonical_tag,canonical_tag,
180,Dyslexic Mickey Milkovich,FALSE,TRUE,,canonical_tag,addition
181,Mute Jean Kirstein,TRUE,TRUE,canonical_tag,canonical_tag,
182,Living With a Disability,TRUE,TRUE,synned_tag,synned_tag,
183,Disability via Accident,TRUE,TRUE,synned_tag,synned_tag,
184,Implied Disabilities,TRUE,TRUE,synned_tag,synned_tag,
185,Mute Henry Stickmin,FALSE,TRUE,,canonical_tag,addition
186,Deaf Iwaizumi Hajime,TRUE,TRUE,canonical_tag,canonical_tag,
187,Disability discussion,TRUE,TRUE,synned_tag,synned_tag,
188,dissabilty,TRUE,TRUE,synned_tag,synned_tag,
189,Blind Han Jisung | Han,TRUE,TRUE,canonical_tag,canonical_tag,
190,Deaf Dick Grayson,TRUE,TRUE,canonical_tag,canonical_tag,
191,disabled,TRUE,TRUE,synned_tag,synned_tag,
192,Blind Hagakure Tooru,TRUE,TRUE,canonical_tag,canonical_tag,
193,and discussion of disability,TRUE,TRUE,synned_tag,synned_tag,
194,Mute Daryl Dixon,TRUE,TRUE,canonical_tag,canonical_tag,
195,Blind Kaminari Denki,TRUE,TRUE,canonical_tag,canonical_tag,
196,Blind Kanan Jarrus,TRUE,TRUE,canonical_tag,canonical_tag,
197,"Blind Jonathan ""Jon"" Sims | The Archivist",TRUE,TRUE,canonical_tag,canonical_tag,
198,trigger warning: disability,TRUE,TRUE,synned_tag,synned_tag,
199,Blind Alec Lightwood,FALSE,TRUE,,canonical_tag,addition
200,Disabled Character,TRUE,TRUE,canonical_tag,canonical_tag,
201,Disability Issues,TRUE,TRUE,synned_tag,synned_tag,
202,Mute Mizuki | Selene,TRUE,TRUE,canonical_tag,canonical_tag,
203,Blind Harry Hart,TRUE,TRUE,canonical_tag,canonical_tag,
204,CW: Discussion of Disability,TRUE,TRUE,synned_tag,synned_tag,
205,Deaf Jeon Jungkook,TRUE,TRUE,canonical_tag,canonical_tag,
206,Blind John Egbert,TRUE,TRUE,canonical_tag,canonical_tag,
207,Deaf Kim Taehyung | V,TRUE,TRUE,canonical_tag,canonical_tag,
208,Mute Hyakuya Mikaela,TRUE,TRUE,canonical_tag,canonical_tag,
209,Blind Scott McCall (Teen Wolf),TRUE,TRUE,canonical_tag,canonical_tag,
210,Acquired Disablity,TRUE,TRUE,synned_tag,synned_tag,
211,Deaf Dan Howell,TRUE,TRUE,canonical_tag,canonical_tag,
212,diability,TRUE,TRUE,synned_tag,synned_tag,
213,Various Disabilities,TRUE,TRUE,synned_tag,synned_tag,
214,Blind Nishinoya Yuu,TRUE,TRUE,canonical_tag,canonical_tag,
215,Blind Prompto Argentum,TRUE,TRUE,canonical_tag,canonical_tag,
216,Blind Noctis Lucis Caelum,TRUE,TRUE,canonical_tag,canonical_tag,
217,Mute Boris (Bendy and the Ink Machine),TRUE,TRUE,canonical_tag,canonical_tag,
218,Blind Sleep | Remy Sanders,TRUE,TRUE,canonical_tag,canonical_tag,
219,Deaf Mikey Way,TRUE,TRUE,canonical_tag,canonical_tag,
220,Mute Katniss Everdeen,FALSE,TRUE,,canonical_tag,addition
221,Mute Ariel (Disney),TRUE,TRUE,canonical_tag,canonical_tag,
222,Deaf Link (Legend of Zelda),TRUE,TRUE,canonical_tag,canonical_tag,
223,Technically a Disability Fic I Guess,TRUE,TRUE,synned_tag,synned_tag,
224,Selectively Mute Wild (Linked Universe),TRUE,TRUE,canonical_tag,canonical_tag,
225,Selectively Mute Toby Smith | Tubbo,FALSE,TRUE,,canonical_tag,addition
226,Blind Brian May,TRUE,TRUE,canonical_tag,canonical_tag,
227,Deaf James T. Kirk,TRUE,TRUE,canonical_tag,canonical_tag,
228,Permanent disabilitu,FALSE,TRUE,,synned_tag,addition
229,Blind Sam Winchester,TRUE,TRUE,canonical_tag,canonical_tag,
230,Blind Crowley (Good Omens),TRUE,TRUE,canonical_tag,canonical_tag,
231,Frank Discussion of Disabilities,TRUE,TRUE,synned_tag,synned_tag,
232,Mute Karkat Vantas,TRUE,TRUE,canonical_tag,canonical_tag,
233,Mute Link (Legend of Zelda),TRUE,TRUE,canonical_tag,canonical_tag,
234,Dyslexic Harry Potter,FALSE,TRUE,,canonical_tag,addition
235,Kalectwo,TRUE,TRUE,synned_tag,synned_tag,
236,Mute Castiel (Supernatural),TRUE,TRUE,canonical_tag,canonical_tag,
237,"Dyslexic Creativity | Roman ""Princey"" Sanders",FALSE,TRUE,,canonical_tag,addition
238,Eddie Kaspbrak in a Wheelchair,TRUE,TRUE,canonical_tag,canonical_tag,
239,Deaf Wilbur Soot,FALSE,TRUE,,canonical_tag,addition
240,Mention of different disabilities,TRUE,TRUE,synned_tag,synned_tag,
241,Blind Aizawa Shouta | Eraserhead,TRUE,TRUE,canonical_tag,canonical_tag,
242,Disabilities,TRUE,TRUE,synned_tag,synned_tag,
243,Disabled Harry Styles,TRUE,TRUE,canonical_tag,canonical_tag,
244,Deaf Tim Stoker (The Magnus Archives),FALSE,TRUE,,canonical_tag,addition
245,Blind Obi-Wan Kenobi,TRUE,TRUE,canonical_tag,canonical_tag,
246,Mute Nico di Angelo,TRUE,TRUE,canonical_tag,canonical_tag,
247,Mute Dirk Strider,TRUE,TRUE,canonical_tag,canonical_tag,
248,Mute Aziraphale (Good Omens),TRUE,TRUE,canonical_tag,canonical_tag,
249,mention of canon disability,FALSE,TRUE,,synned_tag,addition
250,disable?,TRUE,TRUE,synned_tag,synned_tag,
251,Blind Aziraphale (Good Omens),TRUE,TRUE,canonical_tag,canonical_tag,
252,Deaf Regulus Black,FALSE,TRUE,,canonical_tag,addition
253,Selectively Mute Jung Hoseok | J-Hope,TRUE,TRUE,canonical_tag,canonical_tag,
254,Disabled Charles Xavier,TRUE,TRUE,canonical_tag,canonical_tag,
255,Mute Zhongli (Genshin Impact),FALSE,TRUE,,canonical_tag,addition
256,Blind Roy,TRUE,TRUE,canonical_tag,canonical_tag,
257,Deaf Keith (Voltron),TRUE,TRUE,canonical_tag,canonical_tag,
258,Deaf Matt Murdock,FALSE,TRUE,,canonical_tag,addition
259,Mute Trafalgar D. Water Law,FALSE,TRUE,,canonical_tag,addition
260,Deaf Harry,TRUE,TRUE,canonical_tag,canonical_tag,
261,Blind Nakahara Chuuya (Bungou Stray Dogs),TRUE,TRUE,canonical_tag,canonical_tag,
262,Selectively Mute Logic | Logan Sanders,TRUE,TRUE,canonical_tag,canonical_tag,
263,Blind Kageyama Tobio,TRUE,TRUE,canonical_tag,canonical_tag,
264,Mute Luke Hemmings,TRUE,TRUE,canonical_tag,canonical_tag,
265,disability is a real thing and i love me some representation,FALSE,TRUE,,synned_tag,addition
266,Deaf Jung Hoseok | J-Hope,TRUE,TRUE,canonical_tag,canonical_tag,
267,Blindness,TRUE,TRUE,canonical_tag,canonical_tag,
268,Blind Tony Stark,FALSE,TRUE,,canonical_tag,addition
269,Mute Eddie Kaspbrak,FALSE,TRUE,,canonical_tag,addition
270,Selectively Mute Technoblade (Video Blogging RPF),FALSE,TRUE,,canonical_tag,addition
271,Selectively Mute Min Yoongi | Suga,TRUE,TRUE,canonical_tag,canonical_tag,
272,Disabled Derek Hale,TRUE,TRUE,canonical_tag,canonical_tag,
273,Mute Tony Stark,TRUE,TRUE,canonical_tag,canonical_tag,
274,Mentioned Disability,TRUE,TRUE,synned_tag,synned_tag,
275,Blind Park Jimin (BTS),TRUE,TRUE,canonical_tag,canonical_tag,
276,Mute Kong | Aether (Genshin Impact),FALSE,TRUE,,canonical_tag,addition
277,tw: disability,TRUE,TRUE,synned_tag,synned_tag,
278,Blind Harry,TRUE,TRUE,canonical_tag,canonical_tag,
279,Learn To Live With Handicap,TRUE,TRUE,synned_tag,synned_tag,
280,Deaf Adora (She-Ra),FALSE,TRUE,,canonical_tag,addition
281,Deaf Din Djarin,FALSE,TRUE,,canonical_tag,addition
282,Mute Guardian (Destiny),TRUE,TRUE,canonical_tag,canonical_tag,
283,Dyslexic Wylan Van Eck,FALSE,TRUE,,canonical_tag,addition
284,Blind Connor (Detroit: Become Human),TRUE,TRUE,canonical_tag,canonical_tag,
285,Blind Anders (Dragon Age),TRUE,TRUE,canonical_tag,canonical_tag,
286,Mute Clay | Dream (Video Blogging RPF),FALSE,TRUE,,canonical_tag,addition
287,Blind Michael Clifford,TRUE,TRUE,canonical_tag,canonical_tag,
288,Disability Narrative,FALSE,TRUE,,synned_tag,addition
289,Mute Liam Payne,TRUE,TRUE,canonical_tag,canonical_tag,
290,Blind Marco Bott,TRUE,TRUE,canonical_tag,canonical_tag,
291,Physical Disability,TRUE,TRUE,canonical_tag,canonical_tag,
292,Deaf Lexa (The 100),FALSE,TRUE,,canonical_tag,addition
293,Blind Scott Summers,FALSE,TRUE,,canonical_tag,addition
294,Disabled Noctis Lucis Caelum,TRUE,TRUE,canonical_tag,canonical_tag,
295,Blind Steve Rogers,FALSE,TRUE,,canonical_tag,addition
296,Blind Akaashi Keiji,TRUE,TRUE,canonical_tag,canonical_tag,
297,Blind Yagami Light,FALSE,TRUE,,canonical_tag,addition
298,Disability of sorts,FALSE,TRUE,,synned_tag,addition
299,Blind Senju Tobirama,TRUE,TRUE,canonical_tag,canonical_tag,
300,Blind Blaine Anderson,TRUE,TRUE,canonical_tag,canonical_tag,
301,Blind Kaneki Ken | Sasaki Haise,TRUE,TRUE,canonical_tag,canonical_tag,
302,Deaf Remus Lupin,TRUE,TRUE,canonical_tag,canonical_tag,
303,Mute Sherlock,TRUE,TRUE,canonical_tag,canonical_tag,
304,Blind Oikawa Tooru,TRUE,TRUE,canonical_tag,canonical_tag,
305,Deaf Derek Hale,TRUE,TRUE,canonical_tag,canonical_tag,
306,Deaf Ian Gallagher,TRUE,TRUE,canonical_tag,canonical_tag,
307,Mute Harry Potter,TRUE,TRUE,canonical_tag,canonical_tag,
308,Mute Mark Fischbach,FALSE,TRUE,,canonical_tag,addition
309,Mute Harry,TRUE,TRUE,canonical_tag,canonical_tag,
310,phys,TRUE,TRUE,synned_tag,synned_tag,
311,Dyslexic Kaminari Denki,TRUE,TRUE,canonical_tag,canonical_tag,
312,Mute Stiles Stilinski,TRUE,TRUE,canonical_tag,canonical_tag,
313,impairment,TRUE,TRUE,synned_tag,synned_tag,
314,Deaf Hinata,TRUE,TRUE,canonical_tag,canonical_tag,
315,Blind Scott,TRUE,TRUE,canonical_tag,canonical_tag,
316,Disabled Ashton Greymoore,FALSE,TRUE,,canonical_tag,addition
317,"Deaf Jonathan ""Jon"" Sims | The Archivist",FALSE,TRUE,,canonical_tag,addition
318,Blind Terezi Pyrope,TRUE,TRUE,canonical_tag,canonical_tag,
319,"Mute Dark Creativity | Remus ""The Duke"" Sanders",FALSE,TRUE,,canonical_tag,addition
320,Blind Thranduil,TRUE,TRUE,canonical_tag,canonical_tag,
321,Deaf Dave Strider,TRUE,TRUE,canonical_tag,canonical_tag,
322,Deaf Hanamaki Takahiro,TRUE,TRUE,canonical_tag,canonical_tag,
323,Sullo sfondo: disabilità,FALSE,TRUE,,synned_tag,addition
324,Dyslexic Mollymauk Tealeaf,FALSE,TRUE,,canonical_tag,addition
325,Deaf Akaashi Keiji,TRUE,TRUE,canonical_tag,canonical_tag,
326,Mute Louis Tomlinson,TRUE,TRUE,canonical_tag,canonical_tag,
327,Deaf Obi-Wan Kenobi,FALSE,TRUE,,canonical_tag,addition
328,Mute Adrien Agreste | Chat Noir,TRUE,TRUE,canonical_tag,canonical_tag,
329,Blind Dan Howell,TRUE,TRUE,canonical_tag,canonical_tag,
330,Blind Toby Smith | Tubbo,FALSE,TRUE,,canonical_tag,addition
331,Disabled Geralt z Rivii | Geralt of Rivia,FALSE,TRUE,,canonical_tag,addition
332,references to disability,TRUE,TRUE,synned_tag,synned_tag,
333,Blind Kitagawa Yusuke,TRUE,TRUE,canonical_tag,canonical_tag,
334,Deaf Levi Ackerman,FALSE,TRUE,,canonical_tag,addition
335,Blind Shiro (Voltron),TRUE,TRUE,canonical_tag,canonical_tag,
336,Mute Merlin (Merlin),TRUE,TRUE,canonical_tag,canonical_tag,
337,disability themes,TRUE,TRUE,synned_tag,synned_tag,
338,Deaf Min Yoongi | Suga,TRUE,TRUE,canonical_tag,canonical_tag,
339,"Blind Creativity | Roman ""Princey"" Sanders",FALSE,TRUE,,canonical_tag,addition
340,Deaf Tim Drake,TRUE,TRUE,canonical_tag,canonical_tag,
341,Blind Lance (Voltron),TRUE,TRUE,canonical_tag,canonical_tag,
342,Disabled Castiel (Supernatural),TRUE,TRUE,canonical_tag,canonical_tag,
343,Mute Anxiety | Virgil Sanders,TRUE,TRUE,canonical_tag,canonical_tag,
344,Mute Levi Ackerman,FALSE,TRUE,,canonical_tag,addition
345,Deaf Specs (Newsies),TRUE,TRUE,canonical_tag,canonical_tag,
346,Blind Midoriya Izuku,TRUE,TRUE,canonical_tag,canonical_tag,
347,Blind Laura Hollis,TRUE,TRUE,canonical_tag,canonical_tag,
348,Mute Flower Kid (Smile For Me),TRUE,TRUE,canonical_tag,canonical_tag,
349,Dyslexic Scout (Team Fortress 2),FALSE,TRUE,,canonical_tag,addition
350,Blind Bruce Wayne,TRUE,TRUE,canonical_tag,canonical_tag,
351,Deaf Calum Hood,FALSE,TRUE,,canonical_tag,addition
352,Mute Jason Todd,TRUE,TRUE,canonical_tag,canonical_tag,
353,Mute Ashton Irwin,TRUE,TRUE,canonical_tag,canonical_tag,
354,Deaf Bokuto Koutarou,TRUE,TRUE,canonical_tag,canonical_tag,
355,Mute Sleep | Remy Sanders,TRUE,TRUE,canonical_tag,canonical_tag,
356,Selectively Mute Persona 5 Protagonist,TRUE,TRUE,canonical_tag,canonical_tag,
357,Struggle with Disability,TRUE,TRUE,synned_tag,synned_tag,
358,Disabled Hinata Shouyou,TRUE,TRUE,canonical_tag,canonical_tag,
359,Implied/Referenced Disabilities,TRUE,TRUE,synned_tag,synned_tag,
360,Mute Warden (Dragon Age),TRUE,TRUE,canonical_tag,canonical_tag,
361,Disabled Barry Allen,TRUE,TRUE,canonical_tag,canonical_tag,
362,Mute Pyro (Team Fortress 2),FALSE,TRUE,,canonical_tag,addition
363,Blind Xiǎo Xīngchén,TRUE,TRUE,canonical_tag,canonical_tag,
364,"Selectively Mute Creativity | Roman ""Princey"" Sanders",FALSE,TRUE,,canonical_tag,addition
365,Selectively Mute Deceit | Janus Sanders,TRUE,TRUE,canonical_tag,canonical_tag,
366,Mute Dave Strider,TRUE,TRUE,canonical_tag,canonical_tag,
367,Blind Kurosaki Ichigo,FALSE,TRUE,,canonical_tag,addition
368,Visually Impaired Ezra Bridger,TRUE,TRUE,canonical_tag,canonical_tag,
369,Mute Dan Howell,TRUE,TRUE,canonical_tag,canonical_tag,
370,Blind Armitage Hux,FALSE,TRUE,,canonical_tag,addition
371,Selectively Mute Chell (Portal),FALSE,TRUE,,canonical_tag,addition
372,Mute Sòng Lán | Sòng Zǐchēn,TRUE,TRUE,canonical_tag,canonical_tag,
373,Deaf Kim Seokjin | Jin,TRUE,TRUE,canonical_tag,canonical_tag,
374,Mute Noctis Lucis Caelum,FALSE,TRUE,,canonical_tag,addition
375,Mute Niall Horan,TRUE,TRUE,canonical_tag,canonical_tag,
376,Mute Ryan Haywood,TRUE,TRUE,canonical_tag,canonical_tag,
377,Mentions of Permanent Disability,TRUE,TRUE,synned_tag,synned_tag,
378,Dyslexic Kirishima Eijirou,FALSE,TRUE,,canonical_tag,addition
379,Visual disibility with an OC,FALSE,TRUE,,synned_tag,addition
380,Deaf Park Jimin (BTS),TRUE,TRUE,canonical_tag,canonical_tag,
381,Blind Carmilla Karnstein,TRUE,TRUE,canonical_tag,canonical_tag,
382,Mute Levi (Shingeki no Kyojin),TRUE,FALSE,canonical_tag,,removed
383,Dyslexic Steve Harrington,TRUE,TRUE,canonical_tag,canonical_tag,
384,Blind Roy Mustang,TRUE,TRUE,canonical_tag,canonical_tag,
385,Deaf Deceit | Janus Sanders,TRUE,TRUE,canonical_tag,canonical_tag,
386,Selectively Mute Dan Howell,TRUE,TRUE,canonical_tag,canonical_tag,
387,Disabilties,TRUE,TRUE,synned_tag,synned_tag,
388,Mute Inumaki Toge,FALSE,TRUE,,canonical_tag,addition
389,Fake/real disabilities,FALSE,TRUE,,synned_tag,addition
390,Blind Nitori Aiichirou,TRUE,TRUE,canonical_tag,canonical_tag,
391,Blind Sòng Lán | Sòng Zǐchēn,TRUE,TRUE,canonical_tag,canonical_tag,
392,Mute Pete Wentz,TRUE,TRUE,canonical_tag,canonical_tag,
393,Deaf Mickey Milkovich,TRUE,TRUE,canonical_tag,canonical_tag,
394,Blind Hiccup Horrendous Haddock III,TRUE,TRUE,canonical_tag,canonical_tag,
395,and tw: disability,TRUE,TRUE,synned_tag,synned_tag,
396,Mute Prompto Argentum,TRUE,TRUE,canonical_tag,canonical_tag,
397,Selectively Mute Jeon Jungkook,TRUE,TRUE,canonical_tag,canonical_tag,
398,Dyslexic Dewey Duck (Disney),FALSE,TRUE,,canonical_tag,addition
399,disabled!stuck,TRUE,TRUE,synned_tag,synned_tag,
400,Amputee Eddie Kaspbrak,TRUE,TRUE,canonical_tag,canonical_tag,
401,Blind Frisk (Undertale),TRUE,TRUE,canonical_tag,canonical_tag,
402,Charles Xavier in a Wheelchair,TRUE,TRUE,canonical_tag,canonical_tag,
403,Disabled Remus Lupin,TRUE,TRUE,canonical_tag,canonical_tag,
404,Mute Stanley (The Stanley Parable),TRUE,TRUE,canonical_tag,canonical_tag,
405,Deaf Eren Yeager,TRUE,TRUE,canonical_tag,canonical_tag,
406,Mute Warrior of Light (Final Fantasy XIV),TRUE,TRUE,canonical_tag,canonical_tag,
407,Deaf Original Percival Graves,TRUE,TRUE,canonical_tag,canonical_tag,
408,disability content,FALSE,TRUE,,synned_tag,addition
409,Blind Min Yoongi | Suga,TRUE,TRUE,canonical_tag,canonical_tag,
410,Deaf John,TRUE,TRUE,canonical_tag,canonical_tag,
411,Deaf Marco Bott,TRUE,TRUE,canonical_tag,canonical_tag,
412,Mute Bendy (Bendy and the Ink Machine),TRUE,TRUE,canonical_tag,canonical_tag,
413,Life-altering Disabilities,TRUE,TRUE,synned_tag,synned_tag,
414,Mute Caleb Widogast,FALSE,TRUE,,canonical_tag,addition
415,Mute TommyInnit (Video Blogging RPF),FALSE,TRUE,,canonical_tag,addition
416,Mute Harry Hart,TRUE,TRUE,canonical_tag,canonical_tag,
417,Mute Justin,TRUE,TRUE,canonical_tag,canonical_tag,
418,Mute Nanase Haruka,TRUE,TRUE,canonical_tag,canonical_tag,
419,Blind Enjolras (Les Misérables),FALSE,TRUE,,canonical_tag,addition
420,Blind Liam,TRUE,TRUE,canonical_tag,canonical_tag,
421,Discussion on Disability,FALSE,TRUE,,synned_tag,addition
422,disablity tw,FALSE,TRUE,,synned_tag,addition
423,残疾表现,TRUE,TRUE,synned_tag,synned_tag,
424,Deaf Kara Danvers,TRUE,TRUE,canonical_tag,canonical_tag,
425,Mute Ian Gallagher,TRUE,TRUE,canonical_tag,canonical_tag,
426,Selectively Mute Crowley (Good Omens),FALSE,TRUE,,canonical_tag,addition
427,Blind Kim Seokjin | Jin,TRUE,TRUE,canonical_tag,canonical_tag,
428,Blind Logic | Logan Sanders,TRUE,TRUE,canonical_tag,canonical_tag,
429,Blind Jack,TRUE,TRUE,canonical_tag,canonical_tag,
430,Blind Character,TRUE,TRUE,canonical_tag,canonical_tag,
431,Disabled Warrior of Light (Final Fantasy XIV),TRUE,TRUE,canonical_tag,canonical_tag,
432,Blind Jensen Ackles,TRUE,TRUE,canonical_tag,canonical_tag,
433,Major warning for a character getting severly hurt and being disabled,TRUE,TRUE,synned_tag,synned_tag,
434,Blind Sherlock Holmes,TRUE,TRUE,canonical_tag,canonical_tag,
435,Blind Mark Tuan,FALSE,TRUE,,canonical_tag,addition
436,Blind Ying | Lumine (Genshin Impact),FALSE,TRUE,,canonical_tag,addition
437,Deaf Ben Solo,FALSE,TRUE,,canonical_tag,addition
438,Mute Peter Parker,TRUE,TRUE,canonical_tag,canonical_tag,
439,Deaf John Watson,TRUE,TRUE,canonical_tag,canonical_tag,
440,undefined disability,TRUE,TRUE,synned_tag,synned_tag,
441,Blind Racetrack Higgins,TRUE,TRUE,canonical_tag,canonical_tag,
442,Disabiities,TRUE,TRUE,synned_tag,synned_tag,
443,Blind Ishimaru Kiyotaka,TRUE,TRUE,canonical_tag,canonical_tag,
444,Deaf TommyInnit (Video Blogging RPF),TRUE,TRUE,canonical_tag,canonical_tag,
445,Mute Derek Hale,TRUE,TRUE,canonical_tag,canonical_tag,
446,Disabled Midoriya Izuku,TRUE,TRUE,canonical_tag,canonical_tag,
447,Mute Kaeya (Genshin Impact),FALSE,TRUE,,canonical_tag,addition
448,Mute Eren Yeager,TRUE,TRUE,canonical_tag,canonical_tag,
449,Mute Dick Grayson,TRUE,TRUE,canonical_tag,canonical_tag,
450,Mute Technoblade (Video Blogging RPF),FALSE,TRUE,,canonical_tag,addition
451,Selectively Mute Jason Todd,FALSE,TRUE,,canonical_tag,addition
452,Deaf Spencer Reid,TRUE,TRUE,canonical_tag,canonical_tag,
453,Mute Michael (Supernatural),TRUE,TRUE,canonical_tag,canonical_tag,
454,Selectively Mute Anxiety | Virgil Sanders,TRUE,TRUE,canonical_tag,canonical_tag,
455,Dyslexic Jaime Lannister,TRUE,TRUE,canonical_tag,canonical_tag,
456,Mute Jung Hoseok | J-Hope,TRUE,TRUE,canonical_tag,canonical_tag,
457,Blind Dick Grayson,TRUE,TRUE,canonical_tag,canonical_tag,
458,Deaf Tsukishima Kei,TRUE,TRUE,canonical_tag,canonical_tag,
459,Mute Cassandra Cain,TRUE,TRUE,canonical_tag,canonical_tag,
460,Deaf Soldier (Team Fortress 2),FALSE,TRUE,,canonical_tag,addition
461,long term injury related disability,TRUE,TRUE,synned_tag,synned_tag,
462,desability,TRUE,TRUE,synned_tag,synned_tag,
463,"Disabled Creativity | Roman ""Princey"" Sanders",TRUE,TRUE,canonical_tag,canonical_tag,
464,basically me giving these caharacters disabilities,FALSE,TRUE,,synned_tag,addition
465,Mute Todoroki Shouto,TRUE,TRUE,canonical_tag,canonical_tag,
466,Blind John Watson,TRUE,TRUE,canonical_tag,canonical_tag,
467,Blind Matsuno Karamatsu,TRUE,TRUE,canonical_tag,canonical_tag,
468,Mute Darcy Lewis,TRUE,TRUE,canonical_tag,canonical_tag,
469,Blind Erik Lehnsherr,FALSE,TRUE,,canonical_tag,addition
470,Blind Dean Winchester,TRUE,TRUE,canonical_tag,canonical_tag,
471,Disabled Morality | Patton Sanders,TRUE,TRUE,canonical_tag,canonical_tag,
472,Dyslexic Inquisitor (Dragon Age),FALSE,TRUE,,canonical_tag,addition
473,Dyslexic Dewey Duck,TRUE,FALSE,canonical_tag,,removed
474,Mute Bucky Barnes,TRUE,TRUE,canonical_tag,canonical_tag,
475,"Mute Jonathan ""Jon"" Sims | The Archivist",TRUE,TRUE,canonical_tag,canonical_tag,
476,Blind Violet (Walking Dead: Done Running),TRUE,TRUE,canonical_tag,canonical_tag,
477,Blind Harry Styles,TRUE,TRUE,canonical_tag,canonical_tag,
478,Deaf Zayn Malik,TRUE,TRUE,canonical_tag,canonical_tag,
479,Mute Lucifer (Supernatural),TRUE,TRUE,canonical_tag,canonical_tag,
480,Deaf Na Jaemin,TRUE,TRUE,canonical_tag,canonical_tag,
481,Blind Ā-Qìng (Módào Zǔshī),FALSE,TRUE,,canonical_tag,addition
482,Blind Rey (Star Wars),FALSE,TRUE,,canonical_tag,addition
483,Mute Nakajima Atsushi (Bungou Stray Dogs),TRUE,TRUE,canonical_tag,canonical_tag,
484,Mention of dissability,TRUE,TRUE,synned_tag,synned_tag,
485,Disabled Sam Winchester,TRUE,TRUE,canonical_tag,canonical_tag,
486,Mute Jensen Ackles,TRUE,TRUE,canonical_tag,canonical_tag,
487,Blind Tachibana Makoto,TRUE,TRUE,canonical_tag,canonical_tag,
488,Mute Aizawa Shouta | Eraserhead,TRUE,TRUE,canonical_tag,canonical_tag,
489,Disabled Ranboo (Video Blogging RPF),FALSE,TRUE,,canonical_tag,addition
490,Mute Louis,TRUE,TRUE,canonical_tag,canonical_tag,
491,角色伤残注意,TRUE,TRUE,synned_tag,synned_tag,
492,инвалидность,TRUE,TRUE,synned_tag,synned_tag,
493,Blind Erwin Smith,TRUE,TRUE,canonical_tag,canonical_tag,
494,Disabled Harry,TRUE,TRUE,canonical_tag,canonical_tag,
495,Disabled Ryan | GoodTimesWithScar,FALSE,TRUE,,canonical_tag,addition
496,Blind Jared Padalecki,TRUE,TRUE,canonical_tag,canonical_tag,
497,"Mute Maxine ""Max"" Caulfield",TRUE,TRUE,canonical_tag,canonical_tag,
498,Blind Pure Vanilla Cookie (Cookie Run),FALSE,TRUE,,canonical_tag,addition
499,Disbility,TRUE,TRUE,synned_tag,synned_tag,
500,Deaf Jughead Jones,TRUE,TRUE,canonical_tag,canonical_tag,
501,Selectively Mute Hunter (Bloodborne),TRUE,TRUE,canonical_tag,canonical_tag,
502,Blind Sean McLoughlin,FALSE,TRUE,,canonical_tag,addition
503,Disabled James T. Kirk,TRUE,TRUE,canonical_tag,canonical_tag,
504,girl with a disibility,TRUE,TRUE,synned_tag,synned_tag,
505,disabilty,TRUE,TRUE,synned_tag,synned_tag,
506,Blind Q (James Bond),TRUE,TRUE,canonical_tag,canonical_tag,
507,Deaf Evil Queen | Regina Mills,TRUE,TRUE,canonical_tag,canonical_tag,
508,Blind Hatake Kakashi,TRUE,TRUE,canonical_tag,canonical_tag,
509,Disablity,TRUE,TRUE,synned_tag,synned_tag,
510,Lisiado,FALSE,TRUE,,synned_tag,addition
511,Mute Loki (Marvel),TRUE,TRUE,canonical_tag,canonical_tag,
512,Selectively Mute Henry Stickmin,TRUE,TRUE,canonical_tag,canonical_tag,
513,Selectively Mute Castiel (Supernatural),TRUE,TRUE,canonical_tag,canonical_tag,
514,Selectively Mute Sam Winchester,TRUE,TRUE,canonical_tag,canonical_tag,
515,Blind Karkat Vantas,TRUE,TRUE,canonical_tag,canonical_tag,
516,Blind Crowley (Supernatural),TRUE,TRUE,canonical_tag,canonical_tag,
517,Deaf Gabriel (Supernatural),TRUE,TRUE,canonical_tag,canonical_tag,
518,Mute Callahan (Video Blogging RPF),FALSE,TRUE,,canonical_tag,addition
519,Selectively Mute Wilbur Soot,FALSE,TRUE,,canonical_tag,addition
520,Disabled Taako (The Adventure Zone),TRUE,TRUE,canonical_tag,canonical_tag,
521,Blind Bruno Madrigal,FALSE,TRUE,,canonical_tag,addition
522,mentions of disabillty,TRUE,TRUE,synned_tag,synned_tag,
523,Dyslexic Lambert (The Witcher),FALSE,TRUE,,canonical_tag,addition
524,Blind Portgas D. Ace,TRUE,TRUE,canonical_tag,canonical_tag,
525,Mute Katsuki Yuuri,TRUE,TRUE,canonical_tag,canonical_tag,
526,Deaf Dazai Osamu (Bungou Stray Dogs),FALSE,TRUE,,canonical_tag,addition
527,Deaf Bellamy Blake,TRUE,TRUE,canonical_tag,canonical_tag,
528,Mute Barry Allen,TRUE,TRUE,canonical_tag,canonical_tag,
529,Blind Gojo Satoru,FALSE,TRUE,,canonical_tag,addition
530,kinda disabled i guess,TRUE,TRUE,synned_tag,synned_tag,
531,niepełnosprawność,TRUE,TRUE,synned_tag,synned_tag,
532,Disabled Richie Tozier,TRUE,TRUE,canonical_tag,canonical_tag,
533,Mute Michael,TRUE,TRUE,canonical_tag,canonical_tag,
534,Blind Fox Alistair,TRUE,TRUE,canonical_tag,canonical_tag,
535,Dyslexic Crowley (Good Omens),TRUE,TRUE,canonical_tag,canonical_tag,
536,"Deaf Leonard ""Bones"" McCoy",TRUE,TRUE,canonical_tag,canonical_tag,
537,Mute Gavin Free,TRUE,TRUE,canonical_tag,canonical_tag,
538,Mute Kurosaki Ichigo,FALSE,TRUE,,canonical_tag,addition
539,Deaf Merlin (Merlin),TRUE,TRUE,canonical_tag,canonical_tag,
540,mentions to disability,TRUE,TRUE,synned_tag,synned_tag,
541,Deaf Andrew Minyard,TRUE,TRUE,canonical_tag,canonical_tag,
542,Blind Jung Hoseok | J-Hope,TRUE,TRUE,canonical_tag,canonical_tag,
543,Deaf Root | Samantha Groves,TRUE,TRUE,canonical_tag,canonical_tag,
544,Deaf Blaine Anderson,TRUE,TRUE,canonical_tag,canonical_tag,
545,Disability?,TRUE,TRUE,synned_tag,synned_tag,
546,Mute Victor Grantz | Postman,TRUE,TRUE,canonical_tag,canonical_tag,
547,Disabled Wèi Yīng | Wèi Wúxiàn,TRUE,TRUE,canonical_tag,canonical_tag,
548,Blind Hanzo Shimada,TRUE,TRUE,canonical_tag,canonical_tag,
549,Mentions of a disability,TRUE,TRUE,synned_tag,synned_tag,
550,Blind Toph Beifong,FALSE,TRUE,,canonical_tag,addition
551,Mute Bakugou Katsuki,TRUE,TRUE,canonical_tag,canonical_tag,
552,Blind Armin Arlert,TRUE,TRUE,canonical_tag,canonical_tag,
553,Selectively Mute Clay | Dream (Video Blogging RPF),FALSE,TRUE,,canonical_tag,addition
554,Blind Stiles Stilinski,TRUE,TRUE,canonical_tag,canonical_tag,
555,Character disability stays,FALSE,TRUE,,synned_tag,addition
556,Blind Locus | Samuel Ortez,TRUE,TRUE,canonical_tag,canonical_tag,
557,Selectively Mute Mirabel Madrigal,FALSE,TRUE,,canonical_tag,addition
558,Blind Geralt z Rivii | Geralt of Rivia,TRUE,TRUE,canonical_tag,canonical_tag,
559,Deaf Marinette Dupain-Cheng,TRUE,TRUE,canonical_tag,canonical_tag,
560,Selectively Mute Dean Winchester,TRUE,TRUE,canonical_tag,canonical_tag,
561,Deaf Courfeyrac (Les Misérables),FALSE,TRUE,,canonical_tag,addition
562,Blind Yamaguchi Tadashi,TRUE,TRUE,canonical_tag,canonical_tag,
563,Blind Bill Cipher,TRUE,TRUE,canonical_tag,canonical_tag,
564,Mute Junior (Red vs. Blue),TRUE,TRUE,canonical_tag,canonical_tag,
565,Mute Drifter (Hyper Light Drifter),TRUE,TRUE,canonical_tag,canonical_tag,
566,Mute Mickey Milkovich,TRUE,TRUE,canonical_tag,canonical_tag,
567,Blind Ignis Scientia,TRUE,TRUE,canonical_tag,canonical_tag,
568,Disable,TRUE,TRUE,synned_tag,synned_tag,
569,Deaf Scott McCall (Teen Wolf),TRUE,TRUE,canonical_tag,canonical_tag,
570,Blind Melanie King,FALSE,TRUE,,canonical_tag,addition
571,Disabled Dean Winchester,TRUE,TRUE,canonical_tag,canonical_tag,
572,#disabled,TRUE,TRUE,synned_tag,synned_tag,
573,Deaf Hermione Granger,FALSE,TRUE,,canonical_tag,addition
574,All three girls are disabled,FALSE,TRUE,,synned_tag,addition
575,Mute Phil Lester,TRUE,TRUE,canonical_tag,canonical_tag,
576,Blind Chirrut Îmwe,FALSE,TRUE,,canonical_tag,addition
577,Deaf Castiel (Supernatural),TRUE,TRUE,canonical_tag,canonical_tag,
578,Blind Hong Jisoo | Joshua,FALSE,TRUE,,canonical_tag,addition
579,Mute Sam Winchester,TRUE,TRUE,canonical_tag,canonical_tag,
580,Mute Wild (Linked Universe),TRUE,TRUE,canonical_tag,canonical_tag,
581,Disabled Cecil Palmer,TRUE,TRUE,canonical_tag,canonical_tag,
582,Mute Akaashi Keiji,TRUE,TRUE,canonical_tag,canonical_tag,
583,Mute Player (Stardew Valley),FALSE,TRUE,,canonical_tag,addition
584,Blind Jack Frost (Guardians of Childhood),TRUE,TRUE,canonical_tag,canonical_tag,
585,disabiliy,TRUE,TRUE,synned_tag,synned_tag,
586,Blind John Laurens,TRUE,TRUE,canonical_tag,canonical_tag,
587,Deaf Levi (Shingeki no Kyojin),TRUE,FALSE,canonical_tag,,removed
588,Deaf Louis Tomlinson,TRUE,TRUE,canonical_tag,canonical_tag,
589,trigger warning: disabilities,TRUE,TRUE,synned_tag,synned_tag,
590,Muteness,TRUE,TRUE,canonical_tag,canonical_tag,
591,discussion of disability,TRUE,TRUE,synned_tag,synned_tag,
592,Mute Germany (Hetalia),TRUE,TRUE,canonical_tag,canonical_tag,
593,Blind Kurt Hummel,TRUE,TRUE,canonical_tag,canonical_tag,
594,Disablilities,TRUE,TRUE,synned_tag,synned_tag,
595,Park Jimin in a Wheelchair (BTS),TRUE,TRUE,canonical_tag,canonical_tag,
596,Deaf Inquisitor (Dragon Age),TRUE,TRUE,canonical_tag,canonical_tag,
597,Dsiable,TRUE,TRUE,synned_tag,synned_tag,
598,Deaf Toby Smith | Tubbo,FALSE,TRUE,,canonical_tag,addition
599,Selectively Mute Todoroki Shouto,FALSE,TRUE,,canonical_tag,addition
600,Disabled Catra (She-Ra),FALSE,TRUE,,canonical_tag,addition
601,Disabled Marco Bott,TRUE,TRUE,canonical_tag,canonical_tag,
602,Deaf Alexander Hamilton,TRUE,TRUE,canonical_tag,canonical_tag,
603,Blind GeorgeNotFound (Video Blogging RPF),FALSE,TRUE,,canonical_tag,addition
604,Mute Tyler Joseph,TRUE,TRUE,canonical_tag,canonical_tag,
605,dissabilites,TRUE,TRUE,synned_tag,synned_tag,
606,Mute The Meta | Agent Maine,TRUE,TRUE,canonical_tag,canonical_tag,
607,Permanant Injury of Main Character,TRUE,TRUE,synned_tag,synned_tag,
608,Disabled Kim Taehyung | V,TRUE,TRUE,canonical_tag,canonical_tag,
609,Disabled Sherlock Holmes,TRUE,TRUE,canonical_tag,canonical_tag,
610,Small Disability,TRUE,TRUE,synned_tag,synned_tag,
611,Disabled Bakugou Katsuki,TRUE,TRUE,canonical_tag,canonical_tag,
612,Blind Keith (Voltron),TRUE,TRUE,canonical_tag,canonical_tag,
613,Blind Bakugou Katsuki,TRUE,TRUE,canonical_tag,canonical_tag,
614,Deaf Grantaire (Les Misérables),FALSE,TRUE,,canonical_tag,addition
615,Disabled Stiles Stilinski,TRUE,TRUE,canonical_tag,canonical_tag,
616,Blind James T. Kirk,TRUE,TRUE,canonical_tag,canonical_tag,
617,Mute Kara Danvers,TRUE,TRUE,canonical_tag,canonical_tag,
618,Mute Gabriel (Supernatural),TRUE,TRUE,canonical_tag,canonical_tag,
619,Blind Loki (Marvel),TRUE,TRUE,canonical_tag,canonical_tag,
620,Disabled Aziraphale (Good Omens),TRUE,TRUE,canonical_tag,canonical_tag,
621,Blind Eret (Video Blogging RPF),FALSE,TRUE,,canonical_tag,addition
622,canon-typical disability,TRUE,TRUE,synned_tag,synned_tag,
623,Deaf Logic | Logan Sanders,TRUE,TRUE,canonical_tag,canonical_tag,
624,(spoiler) disability,TRUE,TRUE,synned_tag,synned_tag,
625,Blind Louis Tomlinson,TRUE,TRUE,canonical_tag,canonical_tag,
626,sarcasm about disabilities,TRUE,TRUE,synned_tag,synned_tag,
627,Deaf Carmilla,TRUE,TRUE,canonical_tag,canonical_tag,
628,Disabled Logic | Logan Sanders,TRUE,TRUE,canonical_tag,canonical_tag,
629,Mute Spencer Reid,TRUE,TRUE,canonical_tag,canonical_tag,
630,Mute Kim Seokjin | Jin,TRUE,TRUE,canonical_tag,canonical_tag,
631,Blind Peter Parker,TRUE,TRUE,canonical_tag,canonical_tag,
632,Blind Castiel (Supernatural),TRUE,TRUE,canonical_tag,canonical_tag,
633,Blind Soldier: 76,TRUE,TRUE,canonical_tag,canonical_tag,
634,Mute Blaine Anderson,TRUE,TRUE,canonical_tag,canonical_tag,
635,Deaf Todoroki Shouto,TRUE,TRUE,canonical_tag,canonical_tag,
636,Blind Harry Potter,TRUE,TRUE,canonical_tag,canonical_tag,
637,Mute Uchiha Sasuke,FALSE,TRUE,,canonical_tag,addition
638,Deaf Jeremy Heere,TRUE,TRUE,canonical_tag,canonical_tag,
639,Vocal Disability due to Severe Injury,TRUE,TRUE,synned_tag,synned_tag,
640,handikapeco,TRUE,TRUE,synned_tag,synned_tag,
641,Deaf Feuilly (Les Misérables),FALSE,TRUE,,canonical_tag,addition
642,Deaf Im Changkyun | I.M,FALSE,TRUE,,canonical_tag,addition
643,"Disabled Jonathan ""Jon"" Sims | The Archivist",TRUE,TRUE,canonical_tag,canonical_tag,
644,Blind Ranboo (Video Blogging RPF),FALSE,TRUE,,canonical_tag,addition
645,Deaf Stiles Stilinski,TRUE,TRUE,canonical_tag,canonical_tag,
646,Selectively Mute Six (Little Nightmares),FALSE,TRUE,,canonical_tag,addition
647,Dyslexic Clint Barton,TRUE,TRUE,canonical_tag,canonical_tag,
648,Blind Draco Malfoy,TRUE,TRUE,canonical_tag,canonical_tag,
649,Blind Lena Luthor,TRUE,TRUE,canonical_tag,canonical_tag,
650,Blind Frank Iero,TRUE,TRUE,canonical_tag,canonical_tag,
651,Deaf Steve Rogers,TRUE,TRUE,canonical_tag,canonical_tag,
652,Vision Disibiilty in a side character,FALSE,TRUE,,synned_tag,addition
653,Mute Mollymauk Tealeaf,TRUE,TRUE,canonical_tag,canonical_tag,
654,disability group,TRUE,TRUE,synned_tag,synned_tag,
655,dealing with her disability,TRUE,TRUE,synned_tag,synned_tag,
656,Mute Alec Lightwood,FALSE,TRUE,,canonical_tag,addition
657,Deaf Neil Josten,FALSE,TRUE,,canonical_tag,addition
658,Selectively Mute Stanley (The Stanley Parable),TRUE,TRUE,canonical_tag,canonical_tag,
659,Mute Marco Bott,TRUE,TRUE,canonical_tag,canonical_tag,
660,Disabled Draco Malfoy,TRUE,TRUE,canonical_tag,canonical_tag,
661,Deaf Laura Hollis,TRUE,TRUE,canonical_tag,canonical_tag,
662,disabililty,TRUE,TRUE,synned_tag,synned_tag,
663,dis/ability,TRUE,TRUE,synned_tag,synned_tag,
664,Dyslexic JJ (Outer Banks),TRUE,TRUE,canonical_tag,canonical_tag,
665,Learning Disabilities,TRUE,TRUE,canonical_tag,canonical_tag,
666,Blind Grantaire (Les Misérables),FALSE,TRUE,,canonical_tag,addition
667,Blind Clay | Dream (Video Blogging RPF),TRUE,TRUE,canonical_tag,canonical_tag,
668,Dissability,TRUE,TRUE,synned_tag,synned_tag,
669,Blind Yoo Kihyun,FALSE,TRUE,,canonical_tag,addition
670,Mute Marinette Dupain-Cheng | Ladybug,TRUE,TRUE,canonical_tag,canonical_tag,
671,Deaf Clarke Griffin,FALSE,TRUE,,canonical_tag,addition
672,Disabled Adora (She-Ra),FALSE,TRUE,,canonical_tag,addition
673,Deaf Lee Felix (Stray Kids),FALSE,TRUE,,canonical_tag,addition
674,Permanent disability mentioned,TRUE,TRUE,synned_tag,synned_tag,
675,Paralyzed Charles Xavier,TRUE,TRUE,canonical_tag,canonical_tag,
676,Dyslexic Jane Seymour,FALSE,TRUE,,canonical_tag,addition
677,Blind Do Kyungsoo | D.O,TRUE,TRUE,canonical_tag,canonical_tag,
678,Deaf Ron Weasley,FALSE,TRUE,,canonical_tag,addition
679,Mute Kim Taehyung | V,TRUE,TRUE,canonical_tag,canonical_tag,
680,Deaf Phil Lester,TRUE,TRUE,canonical_tag,canonical_tag,
681,Selectively Mute Warrior of Light (Final Fantasy XIV),FALSE,TRUE,,canonical_tag,addition
682,Mute Zayn Malik,TRUE,TRUE,canonical_tag,canonical_tag,
683,Blind Will Graham,TRUE,TRUE,canonical_tag,canonical_tag,
684,Blind Ian Gallagher,TRUE,TRUE,canonical_tag,canonical_tag,
685,Blind Kim Taehyung | V,TRUE,TRUE,canonical_tag,canonical_tag,
686,Selectively Mute Ranboo (Video Blogging RPF),FALSE,TRUE,,canonical_tag,addition
687,Blind Sawada Tsunayoshi,TRUE,TRUE,canonical_tag,canonical_tag,
688,Blind Sollux Captor,TRUE,TRUE,canonical_tag,canonical_tag,
689,Mute Dipper Pines,TRUE,TRUE,canonical_tag,canonical_tag,
690,Blind Takumi (Fire Emblem),TRUE,TRUE,canonical_tag,canonical_tag,
691,Blind Technoblade (Video Blogging RPF),FALSE,TRUE,,canonical_tag,addition
692,Selectively Mute Guardian (Destiny),TRUE,TRUE,canonical_tag,canonical_tag,
693,discussions of disability,TRUE,TRUE,synned_tag,synned_tag,
694,Deaf Dean Winchester,TRUE,TRUE,canonical_tag,canonical_tag,
695,Blind Niall Horan,TRUE,TRUE,canonical_tag,canonical_tag,
696,Blind Inquisitor (Dragon Age),TRUE,TRUE,canonical_tag,canonical_tag,
697,Mute Wilbur Soot,FALSE,TRUE,,canonical_tag,addition
698,Disabled Inquisitor (Dragon Age),TRUE,TRUE,canonical_tag,canonical_tag,
699,disibility,TRUE,TRUE,synned_tag,synned_tag,
700,Mute Steve Rogers,FALSE,TRUE,,canonical_tag,addition
701,Blind Wèi Yīng | Wèi Wúxiàn,TRUE,TRUE,canonical_tag,canonical_tag,
702,Mute Jaskier | Dandelion,TRUE,TRUE,canonical_tag,canonical_tag,
703,Blind Barry Allen,TRUE,TRUE,canonical_tag,canonical_tag,
704,Deaf Lance (Voltron),TRUE,TRUE,canonical_tag,canonical_tag,
705,Blind Dipper Pines,TRUE,TRUE,canonical_tag,canonical_tag,
706,Deaf Sherlock Holmes,TRUE,TRUE,canonical_tag,canonical_tag,
707,Mute Dean Winchester,TRUE,TRUE,canonical_tag,canonical_tag,
708,Disability_synned_tags,TRUE,TRUE,connection_node,connection_node,
709,Deaf Oswald Cobblepot,TRUE,TRUE,canonical_tag,canonical_tag,
710,Blind V | Kim Jihyun,TRUE,TRUE,canonical_tag,canonical_tag,
711,Implied Disability,TRUE,TRUE,synned_tag,synned_tag,
712,Blind Hinata Shouyou,TRUE,TRUE,canonical_tag,canonical_tag,
713,Blind Kim Namjoon | RM,TRUE,TRUE,canonical_tag,canonical_tag,
714,references to disabilities,TRUE,TRUE,synned_tag,synned_tag,
715,Talk of and Dealing with Disabilities,TRUE,TRUE,synned_tag,synned_tag,
716,Mute Bruno Madrigal,FALSE,TRUE,,canonical_tag,addition
717,Dyslexic Ethan Green,FALSE,TRUE,,canonical_tag,addition
718,Deaf Will Graham,TRUE,TRUE,canonical_tag,canonical_tag,
719,Mute Min Yoongi | Suga,TRUE,TRUE,canonical_tag,canonical_tag,
720,Deaf Kim Jongin | Kai,FALSE,TRUE,,canonical_tag,addition
721,Deaf Jean Kirstein,TRUE,TRUE,canonical_tag,canonical_tag,
722,Mute Victoria (Cats),FALSE,TRUE,,canonical_tag,addition
723,Mute Park Jimin (BTS),TRUE,TRUE,canonical_tag,canonical_tag,
724,sudden disability,FALSE,TRUE,,synned_tag,addition
725,Blind Bucky Barnes,FALSE,TRUE,,canonical_tag,addition
726,Mute Hank J. Wimbleton,FALSE,TRUE,,canonical_tag,addition
727,Blind Zuko (Avatar),TRUE,TRUE,canonical_tag,canonical_tag,
728,Discapacidades,TRUE,TRUE,synned_tag,synned_tag,
729,Deaf Zuko (Avatar),TRUE,TRUE,canonical_tag,canonical_tag,
730,Mute Hannibal Lecter,TRUE,TRUE,canonical_tag,canonical_tag,
731,Blind Tim Drake,TRUE,TRUE,canonical_tag,canonical_tag,
732,"Selectively Mute Jonathan ""Jon"" Sims | The Archivist",TRUE,TRUE,canonical_tag,canonical_tag,
733,Blind Uchiha Sasuke,TRUE,TRUE,canonical_tag,canonical_tag,
734,disability!fic,TRUE,TRUE,synned_tag,synned_tag,
735,Mute Keith (Voltron),TRUE,TRUE,canonical_tag,canonical_tag,
736,"Blind Kent ""Parse"" Parson",TRUE,TRUE,canonical_tag,canonical_tag,
737,Blind Usopp (One Piece),FALSE,TRUE,,canonical_tag,addition
738,Mute Deceit | Janus Sanders,TRUE,TRUE,canonical_tag,canonical_tag,
739,includes disabilities,TRUE,TRUE,synned_tag,synned_tag,
740,Disabled Jake Dillinger,TRUE,TRUE,canonical_tag,canonical_tag,
741,Blind Byun Baekhyun,TRUE,TRUE,canonical_tag,canonical_tag,
742,Mute Michael Clifford,TRUE,TRUE,canonical_tag,canonical_tag,
743,Blind Phil Lester,TRUE,TRUE,canonical_tag,canonical_tag,
744,Blind Kirishima Eijirou,FALSE,TRUE,,canonical_tag,addition
745,Blind Adrien Agreste | Chat Noir,TRUE,TRUE,canonical_tag,canonical_tag,
746,Blind Levi (Shingeki no Kyojin),TRUE,FALSE,canonical_tag,,removed
747,Blind Eren Yeager,TRUE,TRUE,canonical_tag,canonical_tag,
748,Deaf Wooley (Star Wars),FALSE,TRUE,,canonical_tag,addition
749,Blind Kara Danvers,TRUE,TRUE,canonical_tag,canonical_tag,
750,Disabled Character of Color,TRUE,TRUE,canonical_tag,canonical_tag,
751,Johnny Joestar is Still Disabled,TRUE,TRUE,canonical_tag,canonical_tag,
752,Mute Anakin Skywalker,FALSE,TRUE,,canonical_tag,addition
753,Disabled Jeon Jungkook,TRUE,TRUE,canonical_tag,canonical_tag,
754,Permanent Injury,TRUE,TRUE,canonical_tag,canonical_tag,
755,realistic disabilities,FALSE,TRUE,,synned_tag,addition
756,Blind Ezra Bridger,TRUE,TRUE,canonical_tag,canonical_tag,
757,Blind Kong | Aether (Genshin Impact),FALSE,TRUE,,canonical_tag,addition
758,Blind Kim Seungmin,FALSE,TRUE,,canonical_tag,addition
759,Deaf Yamada Hizashi | Present Mic,TRUE,TRUE,canonical_tag,canonical_tag,
760,Blind Zayn Malik,TRUE,TRUE,canonical_tag,canonical_tag,
761,Deaf Nanase Haruka,TRUE,TRUE,canonical_tag,canonical_tag,
762,Blind Jean Kirstein,TRUE,TRUE,canonical_tag,canonical_tag,
763,Deaf Sasha Waybright,FALSE,TRUE,,canonical_tag,addition
764,Mute My Unit | Byleth,TRUE,TRUE,canonical_tag,canonical_tag,
765,Mute Josh Dun,TRUE,TRUE,canonical_tag,canonical_tag,
766,Blind Deceit | Janus Sanders,TRUE,TRUE,canonical_tag,canonical_tag,
767,Deaf Ethan Green,FALSE,TRUE,,canonical_tag,addition
768,Disabled Marcy Wu,FALSE,TRUE,,canonical_tag,addition
769,Second gender disabilities,FALSE,TRUE,,synned_tag,addition
770,Mute Persona 5 Protagonist,TRUE,TRUE,canonical_tag,canonical_tag,
771,Past Disability,TRUE,TRUE,synned_tag,synned_tag,
772,Mute Toby Smith | Tubbo,FALSE,TRUE,,canonical_tag,addition
773,Dyslexic Toby Smith | Tubbo,FALSE,TRUE,,canonical_tag,addition
774,"Dyslexic Evan ""Buck"" Buckley",TRUE,TRUE,canonical_tag,canonical_tag,
775,Blind Roxanne Wolf (Five Nights at Freddy's),FALSE,TRUE,,canonical_tag,addition
776,mention of disabilites,TRUE,TRUE,synned_tag,synned_tag,
777,Blind Nico di Angelo,TRUE,TRUE,canonical_tag,canonical_tag,
778,Mute Kim Namjoon | RM,TRUE,TRUE,canonical_tag,canonical_tag,
779,Deaf Peter Parker,TRUE,TRUE,canonical_tag,canonical_tag,
780,Selectively Mute Cassandra Cain,FALSE,TRUE,,canonical_tag,addition
781,"Deaf Creativity | Roman ""Princey"" Sanders",TRUE,TRUE,canonical_tag,canonical_tag,
782,Blind Zhongli (Genshin Impact),TRUE,TRUE,canonical_tag,canonical_tag,
783,Mute Logic | Logan Sanders,TRUE,TRUE,canonical_tag,canonical_tag,
784,Mute Aleksis Kaidanovsky,TRUE,TRUE,canonical_tag,canonical_tag,
785,Mute Kozume Kenma,TRUE,TRUE,canonical_tag,canonical_tag,
786,Long term/permanent disability,FALSE,TRUE,,synned_tag,addition
